,Prompts,
How do I start an online journal/diary/blog?,"I want to build a web page for an online journal. I don't know how to code, so I need you to provide the code for me.
  
First, write the HTML code for a web page that includes the following:
 * A header element that includes an image named logo.png, the title ""The Moo Point"", and the tagline ""It's like a cow's opinion, you know, it just doesn't matter. It's moo.""
 * A main section where each entry is an accordion using the HTML summary and details elements.
 * For each entry, the summary text is the entry title and the details include the entry date, followed by the entry text.
 * Please provide four sample entries going back four days from today.
 * A footer element that includes the Copyright symbol, followed by the current year, followed by ""Paul McFedries"".
 * In the page head section, include the tag <meta charset=""utf-8"">.
  
Second, in a separate file write the CSS code for the following:
 * The page background color is mintcream.
 * The page text color is slategray.
 * Make the image a maximum width of 150px and floated to the left.
 * The title font size is 48px.
 * The tagline font size is 22px and formatted as italic.
 * The summary font size is 30px.
 * The main section font size is 20px with a top margin of 48px.
 * Make the date of each entry dark blue with font size 18px.
 * For the headings and summary text, use the Lato font from Google Fonts. For the rest of the text, use the Merriweather font from Google Fonts.
 * The footer has 5px padding all around and a 10px top margin.
 * Make the page responsive with a maximum width of 850px.
 * Style the accordions to make them look nicer, including a powderblue background color.",Please ask image creator to create a cartoon of a cow standing on two legs with a text bubble over the cow's head that says "Moo".
,"I want to build a home page for an information website. I don't know how to code, so I need you to provide the code for me.
  
First, write the HTML code for a web page that includes the following:
 * The page title is ""Antediluvian Word Preservation Society"".
 * A header that includes the title ""Antediluvian Word Preservation Society"" and the tagline ""Preserving words from the past, for the future"".
 * After the header, a navigation element that includes five links:
   * The text ""Home"" that links to the file ""index.html"".
   * The text ""Blog"" that links to the file ""blog.html"".
   * The text ""FAQ"" that links to the file ""faq.html"".
   * The text ""About"" that links to the file ""about.html"".
   * The text ""Contact"" that links to the file ""contact.html"".
 * A main element that includes the following:
   * An introductory paragraph that includes the text ""Welcome to the Antediluvian Word Preservation Society, where our goal is to protect, preserve, and promote old words that are in danger of becoming overlooked, outmoded, and obsolete. Stay a while, take a look around, and bask in the burnished sheen of these old and beautiful words.""
  * A section element with the second-level heading ""Most recent word"", followed by a third-level heading with the text ""*hullaballoo* (hul，uh，buh，LOO, noun)"", followed by a paragraph that includes the text ""A great noise or commotion; an uproar. (Example: ""After hearing the **hullaballoo** that eight kids hopped up on sugar could make, Rupert decided to never again volunteer to help out at a Halloween party."") [etc.].""
  * Another section element with the second-level heading ""This week's challenge"" followed by a paragraph that includes the text ""Your challenge this week is to use the word *tomfoolery* ！ foolish or silly behavior ！ at least once in each of the following: in conversation, in an email message, in a text message, and in a business meeting (virtual or real-world). Good luck and let us know how you make out!""
  * In the above text, make each word that's surrounded by double asterisks bold, and make each word that's surrounded by single asterisks italic. 
 * A footer element that includes the Copyright symbol, followed by the current year, followed by ""Antediluvian Word Preservation Society"".
 * In the page head section, include the tag <meta charset=""utf-8"">.
 
Second, in a separate file write the CSS code for the following:
 * The body element has 25px padding and a background color of oldlace.
 * Make the title 64px, line height 1, color midnightblue, 20px bottom margin, and the Playfair Display typeface from Google Fonts.
 * Make the tagline font size 30px.
 * The navigation element has a top and bottom border colored midnightblue.
 * The navigation element has 20px top and bottom border and 10px top and bottom padding.
 * Style the navigation links with font size 24px;
 * Space the navigation links so that they span the entire width of the body.
 * Style the second-level headings with size 48px, 30px top margin, 10px bottom margin, the color midnightblue, and the Playfair Display typeface from Google Fonts.
 * Style the rest of the page text with size 24px, the color darkslategray, and the Lora typeface from Google Fonts.
 * Style the links with the color steelblue and no underline.
 * The footer has 10px top and bottom padding, a 50px top margin, and a top and bottom border colored midnightblue.
 * The page has a maximum width of 800px and is centered within the browser window.","I want to build a page for an information website. I don't know how to code, so I need you to provide the code for me.
  
Write the HTML code for a web page that includes the following:
 * The page title is ""[page title]"".
 * A header element that includes the title ""[site title]"" and the tagline ""[site tagline]"".
* After the header, a navigation element that includes the following links:
[Copy your navigation links here]
* A main element that includes the text between triple quotation marks.
 """"""
[page content goes here]
 """"""
 * A footer element that includes the Copyright symbol followed by the current year, followed by ""[site title]"".
 * In the page head section, include the tag <meta charset=""utf-8"">.
 * In the page head section, include a reference to a stylesheet file named ""styles.css"".
 * In the page head section, include a reference to the Google fonts X and Y.
 * Do not add any inline styles."
,"I want to build a website home page. I don't know how to code, so I need you to provide the code for me.
  
First, write the HTML code for a web page that includes the following:
 * A header that uses the file hero.jpg as a hero image.
 * The header also includes the title ""Bread in the Bone"" and the tagline ""A half-baked look at the history and culture of bread"".
 * The header should also include four links in the upper-right corner:
   * The text ""Home"" that links to the file ""index.html"".
   * The text ""History"" that links to the file ""history.html"".
   * The text ""Culture"" that links to the file ""culture.html"".
   * The text ""Language"" that links to the file ""language.html"".
 * A main element that includes the following five elements:
   * An introductory paragraph that includes the text ""Welcome to Bread in the Bone, where I, a bread baker, a bread eater, and an unabashed bread nerd, try to make sense of the historical, cultural, and linguistic significance of that most humble of home staples: the loaf of bread. It's the greatest thing since, well, you know...""
  * A second paragraph that consists of the text ""This site is divided into three sections:""
  * The second-level heading ""History"" followed by a paragraph that includes the text ""A potted and probably not very accurate history of bread, from its ancient origins to today's ancient grains."" Then the text ""Check it out."" as a link to ""history.html"".
  * The second-level heading ""Culture"" followed by a paragraph that includes the text ""A remarkably shallow examination of the cultural significance of bread, from its religious meanings to its social uses."" Then the text ""Read it."" as a link to ""culture.html"".
  * The second-level heading ""Language"" followed by a paragraph that includes the text ""A not-all-that-deep dive into the linguistic roots and uses of the word bread, from its etymology to its varied metaphors."" Put the word ""bread"" in italics. Then add the text ""Go there."" as a link to ""language.html"".
 * A footer element that includes the Copyright symbol, followed by the current year, followed by ""Paul McFedries"".
  * In the page head section, include the tag <meta charset=""utf-8"">.
  
Second, in a separate file write the CSS code for the following:
 * The page background color is wheat.
 * The hero image covers the entire browser window.
 * Add a linear gradient to the header background to darken the hero image slightly.
 * Make all the header text white.
 * Make the title and tagline centered both horizontally and vertically.
 * Make the title 72px.
 * Make the tagline 36px.
 * Make the header links 24px.
 * Style the headings with size 48px, no bottom margin, the color saddlebrown, and the Raleway typeface from Google Fonts.
 * Style the rest of the page text with size 24px, a 20px bottom margin, and the Lato typeface from Google Fonts.
 * Style the main element's links with the color saddlebrown.
 * The main section has 25px padding all around and a maximum width of 800px.
 * The footer has a top border.",
